data,ur_noite,t_noite,kg_sorvidos,litros
2024-01-01,76.6,25.45,1.6370646891555949,1.5060995140231475
2024-01-02,84.3,24.66,1.839212186530166,1.6920752116077529
2024-01-03,85.9,24.68,1.9205070783682838,1.739123670238628
2024-01-04,84.5,25.57,1.991826457123072,1.739123670238628
2024-01-05,74.0,26.7,1.7746050583458828,1.6326366536782122
2024-01-06,80.3,26.7,1.991826457123072,1.739123670238628
2024-01-07,71.9,27.25,1.7813379599592367,1.6388309231624978
2024-01-08,63.9,27.05,1.2994902816661578,1.1955310591328652
2024-01-09,63.4,26.8,1.2243301681753131,1.126383754721288
2024-01-10,71.7,26.04,1.5121688498700374,1.3911953418804346
2024-01-11,75.6,25.3,1.5552513324356272,1.4308312258407772
2024-01-12,63.8,26.339999999999996,1.1589434628925666,1.0662279858611612
2024-01-13,53.7,26.05,0.5819821717749144,0.5354235980329213
2024-01-14,55.7,27.49,0.9256238818875433,0.8515739713365399
2024-01-15,56.4,27.410000000000004,0.9509480696619542,0.8748722240889979
2024-01-16,52.4,28.830000000000002,0.9650008285336613,0.8878007622509685
2024-01-17,45.2,27.939999999999998,0.4002245895657271,0.3682066224004689
2024-01-18,52.6,28.0,0.8358028844648531,0.7689386537076649
2024-01-19,53.3,28.919999999999998,1.0352108914010063,0.9523940200889258
2024-01-20,49.3,29.79,0.9375400708183556,0.8625368651528872
2024-01-21,69.8,26.71,1.5511437845583023,1.4270522817936382
2024-01-22,75.3,26.389999999999997,1.775311663923049,1.6332867308092052
2024-01-23,77.1,26.160000000000004,1.8185006600067468,1.673020607206207
2024-01-24,89.4,24.490000000000002,1.991826457123072,1.739123670238628
2024-01-25,89.3,23.830000000000002,1.8824274554715779,1.7318332590338517
2024-01-26,89.2,24.0,1.9173750743521631,1.7391236702386281
2024-01-27,92.2,23.98,1.991826457123072,1.739123670238628
2024-01-28,89.6,24.330000000000002,1.991826457123072,1.739123670238628
2024-01-29,82.9,24.619999999999997,1.7631906246268882,1.6221353746567373
2024-01-30,79.0,24.669999999999998,1.5874464283748462,1.4604507141048586
2024-01-31,71.6,24.54,1.207653551627657,1.1110412674974444
2024-02-01,65.7,24.14,0.8569896152454517,0.7884304460258156
2024-02-02,71.3,24.7,1.2241507097684474,1.1262186529869718
2024-02-03,72.4,24.72,1.280889235133206,1.1784180963225495
2024-02-04,68.0,24.58,1.043671870862994,0.9601781211939545
2024-02-05,73.7,25.630000000000003,1.5292429091532027,1.4069034764209465
2024-02-06,67.8,25.839999999999996,1.2712997936846016,1.1695958101898334
2024-02-07,65.5,26.080000000000002,1.1988142024739836,1.102909066276065
2024-02-08,69.7,26.49,1.5002563818429955,1.3802358712955558
2024-02-09,81.2,25.29,1.8310997542627931,1.6846117739217699
2024-02-10,86.3,23.72,1.720734706216659,1.5830759297193262
2024-02-11,87.7,23.47,1.72807875862767,1.5898324579374565
2024-02-12,81.5,24.25,1.6156630956046012,1.4864100479562332
2024-02-13,77.5,24.919999999999998,1.5682563826079725,1.4427958719993348
2024-02-14,73.9,25.580000000000002,1.5289062195081566,1.4065937219475042
2024-02-15,74.4,26.02,1.647632269687544,1.5158216881125406
2024-02-16,78.1,25.669999999999998,1.7606982764522257,1.6198424143360477
2024-02-17,79.6,25.44,1.7850774004932652,1.642271208453804
2024-02-18,87.0,24.67,1.9709100507345985,1.739123670238628
2024-02-19,86.0,25.47,1.991826457123072,1.739123670238628
2024-02-20,87.4,24.54,1.9594578005951802,1.7391236702386281
2024-02-21,91.3,23.47,1.889292078625382,1.7381487123353514
2024-02-22,90.7,23.1,1.7776312197468027,1.6354207221670585
2024-02-23,90.2,23.119999999999997,1.7602267868696224,1.6194086439200528
2024-02-24,84.7,23.59,1.619726487059126,1.4901483680943959
2024-02-25,79.3,23.64,1.3864314300065463,1.2755169156060226
2024-02-26,80.1,23.880000000000003,1.4723246043000324,1.3545386359560299
2024-02-27,81.9,24.07,1.5955044415811792,1.467864086254685
2024-02-28,84.6,23.580000000000002,1.613048341820421,1.4840044744747873
2024-02-29,86.6,23.93,1.7815468766650702,1.6390231265318647
2024-03-01,89.2,24.369999999999997,1.991826457123072,1.739123670238628
2024-03-02,87.3,25.1,1.991826457123072,1.739123670238628
2024-03-03,87.4,24.82,1.991826457123072,1.739123670238628
2024-03-04,88.3,23.619999999999997,1.7888437858666153,1.6457362829972861
2024-03-05,86.8,23.6,1.716638840572901,1.5793077333270689
2024-03-06,79.1,24.8,1.620132808659926,1.490522183967132
2024-03-07,76.7,24.91,1.5272671128741975,1.4050857438442617
2024-03-08,76.1,25.04,1.5252658524704552,1.403244584272819
2024-03-09,73.0,25.130000000000003,1.3916712879050042,1.280337584872604
2024-03-10,71.3,25.11,1.3041058086800141,1.199777343985613
2024-03-11,75.8,25.910000000000004,1.6960148601104748,1.560333671301637
2024-03-12,77.4,25.82,1.758278259252711,1.6176159985124943
2024-03-13,74.7,25.889999999999997,1.635199398001966,1.5043834461618086
2024-03-14,85.1,25.0,1.956385868455871,1.7391236702386281
2024-03-15,82.5,25.15,1.8635484875141997,1.7144646085130637
2024-03-16,77.1,24.79,1.5214641590413551,1.3997470263180467
2024-03-17,67.3,25.79,1.2360876820559095,1.1372006674914368
2024-03-18,76.8,26.24,1.8207571172803252,1.6750965478978992
2024-03-19,75.5,26.68,1.8506549887317811,1.7026025896332386
2024-03-20,76.2,26.85,1.9269588075194917,1.7391236702386281
2024-03-21,72.3,26.77,1.6984330676331594,1.5625584222225066
2024-03-22,69.0,26.76,1.5184659144907238,1.3969886413314658
2024-03-23,64.6,26.47,1.2257473951010325,1.12768760349295
2024-03-24,48.9,26.610000000000003,0.41361660289279695,0.3805272746613732
2024-03-25,58.2,26.01,0.8083235721821174,0.743657686407548
2024-03-26,70.9,26.28,1.520209471872568,1.3985927141227628
2024-03-27,76.5,25.610000000000003,1.666563383605798,1.5332383129173341
2024-03-28,72.8,26.339999999999996,1.6326707786900956,1.502057116394888
2024-03-29,68.2,26.93,1.5101810830661713,1.3893665964208777
2024-03-30,65.8,26.189999999999998,1.2353873225473524,1.1365563367435643
2024-03-31,79.2,25.82,1.8503139592917903,1.7022888425484473
2024-04-01,84.5,25.22,1.9784400170341891,1.739123670238628
2024-04-02,88.5,24.28,1.9503635387857177,1.739123670238628
2024-04-03,91.2,24.25,1.991826457123072,1.739123670238628
2024-04-04,90.8,23.71,1.9227943064544553,1.7391236702386277
2024-04-05,86.4,23.8,1.7431536874139277,1.6037013924208137
2024-04-06,82.2,24.330000000000002,1.665884072202269,1.5326133464260876
2024-04-07,85.1,24.240000000000002,1.7819210344202185,1.6393673516666012
2024-04-08,84.8,24.14,1.7454874438840686,1.6058484483733433
2024-04-09,84.7,24.630000000000003,1.8515121267780574,1.7033911566358129
2024-04-10,82.8,25.17,1.8829080044865814,1.732275364127655
2024-04-11,81.6,25.22,1.8350634384254376,1.6882583633514028
2024-04-12,80.4,25.3,1.7936328038555218,1.65014217954708
2024-04-13,79.3,24.990000000000002,1.6709791690997537,1.5373008355717734
2024-04-14,75.5,25.06,1.5000594940984286,1.3800547345705545
2024-04-15,75.1,25.44,1.5598323741974818,1.4350457842616833
2024-04-16,85.8,24.25,1.816941080065202,1.6715857936599858
2024-04-17,86.6,24.27,1.8589786895284905,1.7102603943662114
2024-04-18,84.7,24.44,1.8082822996279733,1.6636197156577355
2024-04-19,81.0,24.59,1.6658247021222425,1.5325587259524631
2024-04-20,82.3,24.1,1.6205262234073463,1.4908841255347587
2024-04-21,82.3,23.72,1.5390433250512194,1.415919859047122
2024-04-22,85.1,24.05,1.7393063797104589,1.6001618693336221
2024-04-23,82.0,24.64,1.724598377681271,1.5866305074667695
2024-04-24,78.1,25.060000000000002,1.6274531692635668,1.4972569157224815
2024-04-25,80.9,25.0,1.7512895184475168,1.6111863569717155
2024-04-26,83.8,24.5,1.7791629267156148,1.6368298925783658
2024-04-27,82.3,24.48,1.7035382983639247,1.5672552344948107
2024-04-28,79.5,24.32,1.5368130968939882,1.413868049142469
2024-04-29,74.6,24.46,1.3343970256653959,1.2276452636121642
2024-04-30,76.8,24.55,1.4571468382649624,1.3405750912037655
2024-05-01,76.7,24.740000000000002,1.491743017555387,1.372403576150956
2024-05-02,77.9,24.6,1.5200005393962754,1.3984004962445735
2024-05-03,82.6,24.44,1.7089218250315517,1.5722080790290276
2024-05-04,79.2,23.990000000000002,1.453797150473879,1.3374933784359686
2024-05-05,76.2,24.19,1.3554821795385217,1.24704360517544
2024-05-06,75.3,23.869999999999997,1.2503462233407219,1.1503185254734642
2024-05-07,80.9,23.39,1.407095228305043,1.2945276100406398
2024-05-08,80.6,24.15,1.5522352272592175,1.4280564090784802
2024-05-09,81.5,23.85,1.530140845869986,1.4077295782003874
2024-05-10,78.1,23.79,1.3624033576234986,1.2534110890136188
2024-05-11,83.2,23.91,1.6209191163310106,1.4912455870245298
2024-05-12,79.7,24.31,1.5440939399787046,1.4205664247804082
2024-05-13,76.5,25.3,1.5999478583268578,1.4719520296607091
2024-05-14,71.8,26.110000000000003,1.5318918681821168,1.4093405187275474
2024-05-15,69.9,24.95,1.204540809391862,1.108177544640513
2024-05-16,70.7,23.41,0.9559935889674809,0.8795141018500825
2024-05-17,77.1,23.66,1.2909212173697098,1.187647519980133
2024-05-18,78.1,24.169999999999998,1.439993592033304,1.3247941046706397
2024-05-19,79.3,24.020000000000003,1.4646368012225488,1.3474658571247449
2024-05-20,76.5,23.380000000000003,1.2090100608226289,1.1122892559568185
2024-05-21,76.8,23.35,1.216531489123821,1.1192089699939154
2024-05-22,78.9,23.84,1.4091170584728165,1.2963876937949912
2024-05-23,80.7,23.03,1.325046151451838,1.219042459335691
2024-05-24,73.5,22.86,0.979565085882456,0.9011998790118596
2024-05-25,78.6,23.03,1.2333356646222582,1.1346688114524777
2024-05-26,69.9,23.97,1.0211851618674437,0.9394903489180483
2024-05-27,70.9,22.78,0.8531111330524904,0.7848622424082913
2024-05-28,71.8,23.15,0.9579294995538761,0.8812951395895661
2024-05-29,65.6,23.619999999999997,0.7635902834625278,0.7025030607855256
2024-05-30,70.9,24.14,1.0988843120475886,1.0109735670837816
2024-05-31,74.7,23.240000000000002,1.1023595005437778,1.0141707405002756
2024-06-01,74.5,22.94,1.0375896756473804,0.95458250159559
2024-06-02,80.1,23.48,1.3897823712376476,1.2785997815386358
2024-06-03,76.7,23.53,1.2472337335596024,1.1474550348748342
2024-06-04,78.8,23.14,1.2637558943331029,1.1626554227864547
2024-06-05,84.1,22.869999999999997,1.4400887324747191,1.3248816338767417
2024-06-06,81.1,22.84,1.3042484606012388,1.1999085837531398
2024-06-07,79.6,22.490000000000002,1.1711792567528416,1.0774849162126143
2024-06-08,78.5,22.73,1.1706434589527335,1.0769919822365148
2024-06-09,75.9,22.660000000000004,1.045990473343587,0.9623112354761001
2024-06-10,74.2,22.96,1.028243446828541,0.9459839710822578
2024-06-11,72.8,22.71,0.9223725174666499,0.848582716069318
2024-06-12,76.2,22.57,1.0420540983225268,0.9586897704567248
2024-06-13,75.8,22.86,1.0790384251356993,0.9927153511248433
2024-06-14,77.0,22.64,1.0892521949421583,1.0021120193467856
2024-06-15,78.7,21.34,0.9193827240397765,0.8458321061165944
2024-06-16,76.3,21.81,0.9075158953776319,0.8349146237474214
2024-06-17,76.9,21.91,0.9500514818680393,0.8740473633185962
2024-06-18,77.9,22.58,1.116267196440299,1.0269658207250751
2024-06-19,76.1,22.28,0.9843612353001272,0.905612336476117
2024-06-20,76.3,22.52,1.037014841550532,0.9540536542264895
2024-06-21,68.0,23.02,0.7687198499578397,0.7072222619612125
2024-06-22,71.1,23.229999999999997,0.9414534502516827,0.8661371742315481
2024-06-23,66.6,23.53,0.7933933839185103,0.7299219132050295
2024-06-24,70.9,22.98,0.8882298408379378,0.8171714535709028
2024-06-25,78.5,22.5,1.1265103222723212,1.0363894964905356
2024-06-26,75.2,22.830000000000002,1.0475112444128278,0.9637103448598017
2024-06-27,70.1,22.85,0.8307835688843758,0.7643208833736257
2024-06-28,61.6,23.32,0.5358093325802327,0.4929445859738141
2024-06-29,60.8,22.98,0.44840451642351,0.4125321551096292
2024-06-30,58.9,22.740000000000002,0.3306899095285147,0.30423471676623354
2024-07-01,61.4,23.28,0.5207192694680522,0.4790617279106081
2024-07-02,68.5,22.7,0.7363086964546799,0.6774040007383055
2024-07-03,61.6,22.369999999999997,0.39111658120219156,0.35982725470601623
2024-07-04,67.9,22.759999999999998,0.7206109151449974,0.6629620419333977
2024-07-05,66.2,22.96,0.6802649789842031,0.6258437806654669
2024-07-06,76.4,23.18,1.1659573637187317,1.0726807746212332
2024-07-07,73.9,23.09,1.0391583065632581,0.9560256420381975
2024-07-08,72.7,22.09,0.8090722730780472,0.7443464912318034
2024-07-09,71.0,22.81,0.8626693983984282,0.793655846526554
2024-07-10,80.7,22.4,1.2001512322508157,1.1041391336707505
2024-07-11,75.2,22.46,0.9793974035921036,0.9010456113047354
2024-07-12,63.1,22.6,0.48944115528130855,0.4502858628588039
2024-07-13,72.5,21.8,0.7510858072047791,0.6909989426283968
2024-07-14,70.1,21.740000000000002,0.643561298398393,0.5920763945265216
2024-07-15,68.0,21.419999999999998,0.5078786634180116,0.4672483703445707
2024-07-16,75.8,21.740000000000002,0.8747176950133535,0.8047402794122852
2024-07-17,75.8,22.39,0.9919108329303454,0.9125579662959178
2024-07-18,71.6,21.27,0.6265543596860446,0.576430010911161
2024-07-19,72.6,21.619999999999997,0.724618065931247,0.6666486206567472
2024-07-20,70.9,21.32,0.6070414598915013,0.5584781431001812
2024-07-21,60.9,21.029999999999998,0.17105056838056035,0.15736652291011552
2024-07-22,63.6,21.73,0.3784738482377126,0.34819594037869556
2024-07-23,66.5,21.91,0.524137222145339,0.4822062443737119
2024-07-24,74.4,20.93,0.6797265643779676,0.6253484392277302
2024-07-25,78.9,21.46,0.9490925997481663,0.873165191768313
2024-07-26,73.9,21.869999999999997,0.8202217605830266,0.7546040197363846
2024-07-27,64.4,22.06,0.46102035955593745,0.42413873079146247
2024-07-28,59.1,22.03,0.23787161115349592,0.21884188226121626
2024-07-29,62.1,22.830000000000002,0.481917335668002,0.44336394881456187
2024-07-30,60.7,23.19,0.47594077490488285,0.43786551291249226
2024-07-31,66.4,23.07,0.7071748046158003,0.6506008202465363
2024-08-01,67.2,22.169999999999998,0.5943103066111833,0.5467654820822887
2024-08-02,67.9,22.229999999999997,0.6331652860860515,0.5825120631991674
2024-08-03,69.0,22.27,0.6856767105537689,0.6308225737094674
2024-08-04,64.2,21.830000000000002,0.4178467316102674,0.38441899308144606
2024-08-05,68.2,21.16,0.4752660104532379,0.4372447296169789
2024-08-06,72.1,21.380000000000003,0.6644673534330644,0.6113099651584193
2024-08-07,64.7,22.34,0.5167925668803446,0.47544916152991706
2024-08-08,64.2,22.979999999999997,0.5964645266224259,0.5487473644926318
2024-08-09,68.7,23.39,0.8632448542266821,0.7941852658885475
2024-08-10,55.4,24.9,0.4908762671933193,0.45160616581785373
2024-08-11,53.0,25.610000000000003,0.4790238370464893,0.4407019300827702
2024-08-12,58.9,25.669999999999998,0.7871881832064576,0.724213128549941
2024-08-13,54.5,25.97,0.6108362277764816,0.5619693295543631
2024-08-14,61.9,24.14,0.6802204137361982,0.6258027806373024
2024-08-15,59.8,23.43,0.4725825484198975,0.4347759445463057
2024-08-16,65.3,22.93,0.6362500761647614,0.5853500700715805
2024-08-17,76.8,21.8,0.9260716471140159,0.8519859153448947
2024-08-18,72.9,22.34,0.8610213946442697,0.7921396830727282
2024-08-19,66.3,22.66,0.6355244096887203,0.5846824569136226
2024-08-20,65.3,23.02,0.6508737165837081,0.5988038192570114
2024-08-21,58.1,23.19,0.36135240908833066,0.3324442163612642
2024-08-22,59.0,22.84,0.3495324655711592,0.32156986832546647
2024-08-23,65.6,23.130000000000003,0.6820120589595996,0.6274510942428316
2024-08-24,59.5,23.52,0.47283589461876807,0.43500902304926664
2024-08-25,56.4,23.880000000000003,0.3859765357925769,0.35509841292917077
2024-08-26,53.3,23.91,0.24804338115209965,0.22819991065993167
2024-08-27,59.9,23.759999999999998,0.5277623501496891,0.485541362137714
2024-08-28,59.9,22.95,0.4047429267129802,0.37236349257594176
2024-08-29,64.2,22.54,0.5269175680147431,0.4847641625735637
2024-08-30,69.9,21.97,0.6732919674559826,0.619428610059504
2024-08-31,66.3,22.869999999999997,0.6698110721505454,0.6162261863785018
2024-09-01,54.7,23.03,0.18958298118086017,0.17441634268639136
2024-09-02,54.0,22.47,0.08459760593032882,0.07782979745590252
2024-09-03,57.5,23.61,0.3962743401177605,0.3645723929083397
2024-09-04,49.5,24.21,0.11254025926914518,0.10353703852761358
2024-09-05,55.4,23.78,0.32576152024925864,0.29970059862931797
2024-09-06,48.6,24.52,0.1106445700342407,0.10179300443150145
2024-09-07,55.1,24.34,0.39307586731544425,0.3616297979302087
2024-09-08,57.7,24.09,0.47725145761102383,0.43907134100214196
2024-09-09,56.1,23.869999999999997,0.3707661587623206,0.341104866061335
2024-09-10,56.9,23.75,0.38971250089374654,0.35853550082224683
2024-09-11,53.8,23.46,0.20861523944944355,0.19192602029348807
2024-09-12,55.4,23.5,0.28587782142729695,0.2630075957131132
2024-09-13,61.0,23.47,0.5324133019779744,0.4898202378197365
2024-09-14,55.4,23.54,0.2915419553533704,0.2682185989251008
2024-09-15,55.3,24.8,0.47093592249196875,0.4332610486926113
2024-09-16,55.8,24.59,0.4633548882622606,0.4262864972012798
2024-09-17,47.4,25.18,0.13894815065059427,0.12783229859854672
2024-09-18,51.1,25.02,0.2988916082209241,0.27498027956325016
2024-09-19,59.9,23.94,0.5557715694211224,0.5113098438674326
2024-09-20,56.2,24.39,0.45231442490567336,0.4161292709132195
2024-09-21,51.8,24.65,0.28087016334704645,0.25840055027928277
2024-09-22,49.0,25.119999999999997,0.20973760438345498,0.1929585960327786
2024-09-23,49.2,25.580000000000002,0.28282194846870357,0.2601961925912073
2024-09-24,60.1,25.36,0.7955459229899359,0.731902249150741
2024-09-25,53.7,25.32,0.47063161479767296,0.4329810856138591
2024-09-26,54.4,24.830000000000002,0.4319230266738792,0.3973691845399689
2024-09-27,53.2,25.259999999999998,0.4368773803939093,0.40192718996239657
2024-09-28,51.5,26.610000000000003,0.5525423893515554,0.508338998203431
2024-09-29,61.8,25.9,0.9747974534103456,0.896813657137518
2024-09-30,55.8,24.98,0.5225297071445034,0.48072733057294315
2024-10-01,52.9,23.43,0.1642933879374831,0.15114991690248447
2024-10-02,51.4,24.77,0.27842922155711974,0.2561548838325502
2024-10-03,50.1,26.130000000000003,0.40713907970515906,0.3745679533287464
2024-10-04,49.9,26.79,0.4938379160324123,0.4543308827498193
2024-10-05,48.5,26.630000000000003,0.3951253056988585,0.36351528124294985
2024-10-06,48.6,26.610000000000003,0.3975867044552477,0.3657797680988279
2024-10-07,46.3,26.639999999999997,0.27881856826174617,0.2565130828008065
2024-10-08,47.1,26.71,0.33145762076772706,0.3049410111063089
2024-10-09,36.6,27.7,0.0,0.0
2024-10-10,34.7,28.889999999999997,0.0,0.0
2024-10-11,47.7,27.47,0.4738548250552886,0.4359464390508655
2024-10-12,46.1,26.95,0.31093070037169607,0.2860562443419604
2024-10-13,46.2,27.48,0.39122451327215085,0.3599265522103788
2024-10-14,58.0,26.72,0.9188529582598012,0.8453447215990171
2024-10-15,67.8,25.369999999999997,1.1811356679752294,1.0866448145372112
2024-10-16,68.0,25.55,1.2254976745779016,1.1274578606116694
2024-10-17,75.9,24.81,1.4676847833232898,1.3502700006574266
2024-10-18,86.7,23.68,1.7299608383543432,1.591563971285996
2024-10-19,78.1,25.07,1.6296059148343685,1.499237441647619
2024-10-20,70.7,25.5,1.35151714752114,1.243395775719449
2024-10-21,63.6,25.29,0.9575249254234749,0.880922931389597
2024-10-22,63.6,25.22,0.9451398470607764,0.8695286592959143
2024-10-23,57.0,24.9,0.5685696422004244,0.5230840708243905
2024-10-24,52.6,26.360000000000003,0.5725014462831284,0.5267013305804781
2024-10-25,53.9,26.97,0.7389031946319224,0.6797909390613687
2024-10-26,47.2,27.330000000000002,0.4254570893062482,0.3914205221617484
2024-10-27,44.7,27.78,0.34892665491548686,0.32101252252224793
2024-10-28,51.3,27.9,0.7445533879716337,0.6849891169339031
2024-10-29,48.3,26.99,0.4365596860855789,0.40163491119873257
2024-10-30,45.5,26.869999999999997,0.26729446360122283,0.24591090651312503
2024-10-31,46.7,26.97,0.3464217054514166,0.3187079690153033
2024-11-01,51.6,27.6,0.7132304816874987,0.6561720431524988
2024-11-02,51.9,27.51,0.7156525661751449,0.6584003608811334
2024-11-03,46.6,26.639999999999997,0.29487521239148407,0.2712851954001653
2024-11-04,51.6,26.47,0.5365050562794617,0.49358465177710475
2024-11-05,46.6,26.75,0.31015953999272894,0.28534677679331066
2024-11-06,50.8,27.04,0.5806794688658752,0.5342251113566052
2024-11-07,48.1,27.45,0.4932957695837099,0.4538321080170131
2024-11-08,48.2,27.839999999999996,0.5575426297116057,0.5129392193346773
2024-11-09,52.5,28.660000000000004,0.9417073118098064,0.8663707268650219
2024-11-10,59.1,27.48,1.1145407359675623,1.0253774770901574
2024-11-11,76.8,24.880000000000003,1.525827167555103,1.4037609941506948
2024-11-12,86.5,23.880000000000003,1.7656844202682904,1.6244296666468272
2024-11-13,83.7,24.73,1.826330496843778,1.6802240570962756
2024-11-14,62.3,25.93,1.00584540438488,0.9253777720340896
2024-11-15,62.8,24.96,0.8605263628368539,0.7916842538099056
2024-11-16,58.6,25.630000000000003,0.7653304770111184,0.704104038850229
2024-11-17,54.7,26.089999999999996,0.6401055093002789,0.5888970685562566
2024-11-18,54.5,26.18,0.6439614596055604,0.5924445428371156
2024-11-19,55.8,26.97,0.8424746987212223,0.7750767228235246
2024-11-20,53.7,27.85,0.8738065635096125,0.8039020384288436
2024-11-21,53.1,28.860000000000003,1.0125315519683802,0.9315290278109098
2024-11-22,49.8,29.26,0.8793737142543052,0.8090238171139609
2024-11-23,62.1,27.78,1.3408370095859878,1.2335700488191088
2024-11-24,68.3,26.410000000000004,1.4098457020801725,1.2970580459137586
2024-11-25,90.4,23.4,1.8328817479464508,1.6862512081107348
2024-11-26,84.8,23.880000000000003,1.6877607191517219,1.5527398616195842
2024-11-27,80.9,24.259999999999998,1.589721468439041,1.4625437509639179
2024-11-28,72.2,24.8,1.2869622828381242,1.1840053002110744
2024-11-29,63.5,25.35,0.9631939494315757,0.8861384334770497
2024-11-30,61.2,26.1,0.979279895003341,0.9009375034030738
2024-12-01,54.9,26.580000000000002,0.7293271403628308,0.6709809691338043
2024-12-02,48.8,27.060000000000002,0.47419313363688187,0.4362576829459313
2024-12-03,61.6,26.910000000000004,1.1474899848555502,1.0556907860671063
2024-12-04,55.8,27.169999999999998,0.8763527620639436,0.8062445410988281
2024-12-05,55.8,26.7,0.7972498341015696,0.733469847373444
2024-12-06,49.6,26.71,0.4657842907887156,0.42852154752561833
2024-12-07,51.7,26.76,0.5863412232633515,0.5394339254022834
2024-12-08,61.3,26.839999999999996,1.1182856508017127,1.0288227987375758
2024-12-09,52.9,27.360000000000003,0.747305833440194,0.6875213667649784
2024-12-10,51.5,26.49,0.5342428856919684,0.49150345483661095
2024-12-11,47.2,27.26,0.41531907223017384,0.38209354645175997
2024-12-12,43.9,29.119999999999997,0.4940106350864209,0.45448978427950726
2024-12-13,55.4,28.389999999999997,1.0665552270017533,0.9812308088416131
2024-12-14,55.2,26.860000000000003,0.7914713225629106,0.7281536167578778
2024-12-15,55.1,27.919999999999998,0.9660950695325428,0.8888074639699394
2024-12-16,54.2,28.52,1.0186580524661615,0.9371654082688686
2024-12-17,57.3,28.189999999999998,1.1416956911260427,1.0503600358359593
2024-12-18,55.8,28.2,1.0560230976910854,0.9715412498757986
2024-12-19,59.8,27.99,1.2493513733260835,1.1494032634599969
2024-12-20,57.8,27.589999999999996,1.0613814715695076,0.976470953843947
2024-12-21,53.8,27.28,0.7842142262239178,0.7214770881260044
2024-12-22,51.5,28.32,0.8250194859825424,0.759017927103939
2024-12-23,51.2,28.85,0.8959173778204841,0.8242439875948454
2024-12-24,43.8,28.8,0.4413433708276278,0.4060359011614176
2024-12-25,48.8,27.98,0.6134447237113442,0.5643691458144366
2024-12-26,46.4,27.339999999999996,0.3823968682175673,0.3518051187601619
2024-12-27,44.6,27.48,0.3015108732479137,0.2773900033880806
2024-12-28,45.8,27.77,0.4101958588596523,0.37738019015088015
2024-12-29,54.9,27.689999999999998,0.914909763723026,0.841716982625184
2024-12-30,49.6,28.57,0.7536249947843422,0.6933349952015948
2024-12-31,47.5,28.669999999999998,0.6441230915095432,0.5925932441887798
2025-01-01,47.9,28.380000000000003,0.622884907947654,0.5730541153118418
2025-01-02,43.7,28.77,0.43099786756057074,0.3965180381557251
2025-01-03,43.3,29.03,0.44419282305148716,0.4086573972073682
2025-01-04,44.1,29.3,0.5329452731486503,0.49030965129675824
2025-01-05,46.7,29.32,0.6971796274912574,0.6414052572919569
2025-01-06,59.0,27.93,1.1920053164441875,1.0966448911286526
2025-01-07,73.0,26.05,1.5815708677546236,1.4550451983342538
2025-01-08,73.0,25.95,1.56051870663922,1.4356772101080826
2025-01-09,80.2,25.11,1.7414119460553112,1.6020989903708864
2025-01-10,84.9,24.65,1.865661744257163,1.71640880471659
2025-01-11,94.2,23.84,1.991826457123072,1.739123670238628
2025-01-12,95.4,23.419999999999998,1.991826457123072,1.739123670238628
2025-01-13,94.3,22.94,1.89785224018277,1.739123670238628
2025-01-14,92.5,22.990000000000002,1.8311491737342034,1.6846572398354671
2025-01-15,94.9,22.91,1.9168541422923073,1.739123670238628
2025-01-16,93.7,23.029999999999998,1.8927777365873257,1.7391236702386281
2025-01-17,84.8,22.990000000000002,1.4956451053618074,1.3759934969328629
2025-01-18,77.4,23.25,1.2236467880011783,1.125755044961084
2025-01-19,85.0,22.919999999999998,1.4895688352980003,1.3704033284741604
2025-01-20,88.0,23.72,1.7979535432119707,1.6541172597550131
2025-01-21,90.2,24.11,1.9895609041542512,1.7391236702386281
2025-01-22,80.2,24.509999999999998,1.6104035097591074,1.481571228978379
2025-01-23,77.2,24.880000000000003,1.5452286467737626,1.4216103550318617
2025-01-24,69.8,24.580000000000002,1.1295141015089243,1.0391529733882103
2025-01-25,71.4,25.21,1.3287909649381244,1.2224876877430746
2025-01-26,71.5,25.619999999999997,1.41591941301143,1.3026458599705157
2025-01-27,77.1,25.369999999999997,1.6448178264818256,1.5132324003632796
2025-01-28,78.4,25.14,1.6594699550419827,1.5267123586386242
2025-01-29,80.4,24.66,1.6523790997812267,1.5201887717987286
2025-01-30,91.2,23.43,1.8755216265572638,1.7254798964326827
2025-01-31,82.3,24.6,1.7300741270731108,1.591668196907262
2025-02-01,72.9,24.9,1.3406475563335325,1.23339575182685
2025-02-02,71.3,24.96,1.2746689941226608,1.172695474592848
2025-02-03,76.7,24.58,1.4585759856516556,1.3418899067995231
2025-02-04,70.6,24.81,1.2116269359388334,1.1146967810637267
2025-02-05,69.9,24.4,1.1005588017399615,1.0125140976007645
2025-02-06,78.3,24.080000000000002,1.4307583435533562,1.3162976760690877
2025-02-07,75.0,24.630000000000003,1.3876106037403262,1.2766017554411002
2025-02-08,71.6,25.05,1.3069963592359288,1.2024366504970545
2025-02-09,68.1,25.25,1.1732986860900192,1.0794347912028177
2025-02-10,80.1,24.15,1.5289629439485042,1.406645908432624
2025-02-11,79.1,23.759999999999998,1.4018653300743265,1.2897161036683804
2025-02-12,66.8,25.29,1.1163567124851688,1.0270481754863554
2025-02-13,58.9,26.0,0.8427982199006786,0.7753743623086243
2025-02-14,58.6,26.5,0.9128249281767715,0.8397989339226298
2025-02-15,56.2,26.71,0.8204066996441253,0.7547741636725953
2025-02-16,64.9,25.77,1.109875351774405,1.0210853236324526
2025-02-17,70.7,25.34,1.319795641834148,1.2142119904874162
2025-02-18,59.2,26.619999999999997,0.9657348786634296,0.8884760883703552
2025-02-19,55.0,27.130000000000003,0.8255540074793829,0.7595096868810323
2025-02-20,60.8,27.419999999999998,1.1985850183592037,1.1026982168904675
2025-02-21,64.9,26.589999999999996,1.2646918142150068,1.1635164690778064
2025-02-22,60.1,27.07,1.0950741936103572,1.0074682581215286
2025-02-23,65.1,26.21,1.2026396436717033,1.1064284721779671
2025-02-24,61.9,25.95,0.9888268080824699,0.9097206634358723
2025-02-25,68.0,25.919999999999998,1.2971351598479366,1.1933643470601016
2025-02-26,65.5,26.110000000000003,1.2045069534628716,1.1081463971858418
2025-02-27,65.2,26.43,1.249873025839685,1.1498831837725103
2025-02-28,69.4,25.8,1.345264399583308,1.2376432476166435
2025-03-01,72.1,24.93,1.307719679394418,1.2031021050428645
2025-03-02,76.3,24.630000000000003,1.4497829728072384,1.3338003349826595
2025-03-03,73.4,24.97,1.3789999803820054,1.2686799819514452
2025-03-04,70.3,24.880000000000003,1.2105531302518706,1.113708879831721
2025-03-05,65.8,25.9,1.1802378609079534,1.085818832035317
2025-03-06,64.5,26.05,1.1413375042402438,1.0500305039010243
2025-03-07,65.8,25.639999999999997,1.1314445768166534,1.0409290106713212
2025-03-08,61.8,25.82,0.9606355255806909,0.8837846835342357
2025-03-09,57.7,26.22,0.8176230202193386,0.7522131786017916
2025-03-10,67.5,26.110000000000003,1.3084386724213626,1.2037635786276537
2025-03-11,64.2,26.660000000000004,1.240685292318636,1.1414304689331451
2025-03-12,55.7,26.72,0.7952037765084008,0.7315874743877288
2025-03-13,53.0,26.98,0.6914446259946612,0.6361290559150883
2025-03-14,52.5,27.139999999999997,0.6896612772623486,0.6344883750813607
2025-03-15,58.1,27.5,1.0620684504740387,0.9771029744361157
2025-03-16,53.0,28.189999999999998,0.8909784852921674,0.819700206468794
2025-03-17,53.3,27.839999999999996,0.849237179668253,0.7812982052947928
2025-03-18,54.7,27.360000000000003,0.8475669452844701,0.7797615896617125
2025-03-19,52.1,28.23,0.8451811708985272,0.7775666772266451
2025-03-20,57.1,28.110000000000003,1.1154373024800648,1.0262023182816598
2025-03-21,53.0,27.93,0.8471311985928095,0.7793607027053848
2025-03-22,62.6,26.939999999999998,1.2074819147502929,1.1108833615702696
2025-03-23,76.5,25.47,1.6363552188140558,1.5054468013089313
2025-03-24,75.4,25.35,1.5558422080634708,1.4313748314183932
2025-03-25,66.4,25.77,1.1863576058776897,1.0914489974074746
2025-03-26,55.7,27.139999999999997,0.8657477150339322,0.7964878978312177
2025-03-27,56.9,27.25,0.950893981714396,0.8748224631772443
2025-03-28,51.9,27.369999999999997,0.6932030367137418,0.6377467937766426
2025-03-29,50.1,27.369999999999997,0.592886509113461,0.5454555883843841
2025-03-30,48.4,27.98,0.5903897928413521,0.5431586094140439
2025-03-31,56.7,27.560000000000002,0.9940384320705741,0.9145153575049282
2025-04-01,60.6,27.5,1.2024008641100863,1.1062087949812793
2025-04-02,58.4,26.880000000000003,0.9683588037833603,0.8908900994806914
2025-04-03,53.2,27.380000000000003,0.767292485667809,0.7059090868143844
2025-04-04,52.9,27.410000000000004,0.7554566300819234,0.6950200996753696
2025-04-05,53.4,27.880000000000003,0.8616891923396158,0.7927540569524466
2025-04-06,55.9,27.189999999999998,0.8852763324467342,0.8144542258509955
2025-04-07,51.4,26.93,0.5964192480471536,0.5487057082033814
2025-04-08,54.1,27.23,0.7925664472714659,0.7291611314897486
2025-04-09,56.6,27.830000000000002,1.0361988365583625,0.9533029296336936
2025-04-10,51.3,28.580000000000002,0.8565051708495384,0.7879847571815753
2025-04-11,62.5,27.22,1.2551895653144454,1.1547744000892899
2025-04-12,90.7,23.81,1.941712601290905,1.7391236702386281
2025-04-13,82.7,23.93,1.6022728061747498,1.47409098168077
2025-04-14,80.7,24.65,1.6645703654105621,1.5314047361777172
2025-04-15,77.0,25.28,1.6204878453603966,1.4908488177315649
2025-04-16,67.8,26.24,1.3496617313770405,1.2416887928668774
2025-04-17,61.8,26.339999999999996,1.0536707260486706,0.969377067964777
2025-04-18,57.9,26.32,0.8449959625432731,0.7773962855398113
2025-04-19,58.3,26.3,0.8626139836256224,0.7936048649355726
2025-04-20,54.6,26.639999999999997,0.7230523891844765,0.6652081980497183
2025-04-21,57.6,27.22,0.9843609669474619,0.905612089591665
2025-04-22,60.4,27.55,1.2005428603983226,1.104499431566457
2025-04-23,72.5,25.76,1.495318195491164,1.375692739851871
2025-04-24,72.7,25.41,1.433584189319766,1.318897454174185
2025-04-25,71.6,25.259999999999998,1.3486230514449902,1.240733207329391
2025-04-26,55.9,27.35,0.9126875386991877,0.8396725356032527
2025-04-27,48.6,28.32,0.6547204305963344,0.6023427961486277
2025-04-28,48.9,27.96,0.6161097601388846,0.5668209793277739
2025-04-29,50.9,27.78,0.7023659766946307,0.6461766985590603
2025-04-30,55.4,27.96,0.9903404946313749,0.9111132550608649
2025-05-01,57.0,27.54,1.007393481247585,0.9268020027477784
2025-05-02,75.6,24.53,1.3959529419592671,1.2842767066025258
2025-05-03,80.8,23.490000000000002,1.4232089683158238,1.309352250850558
2025-05-04,76.2,23.509999999999998,1.2208710198256545,1.1232013382396022
2025-05-05,79.8,23.759999999999998,1.4337336678840786,1.3190349744533525
2025-05-06,82.2,23.79,1.5493791171652394,1.4254287877920202
2025-05-07,79.0,24.360000000000003,1.5217239502410596,1.399986034221775
2025-05-08,78.8,24.6,1.562970136875628,1.4379325259255777
2025-05-09,68.9,25.18,1.1995263648105787,1.1035642556257326
2025-05-10,69.3,25.06,1.1962745763969456,1.10057261028519
2025-05-11,78.7,23.65,1.361325359885257,1.2524193310944365
2025-05-12,80.6,23.380000000000003,1.39167534583343,1.2803413181667558
2025-05-13,81.7,22.73,1.3080151909835287,1.2033739757048465
2025-05-14,82.0,22.67,1.308816797627586,1.2041114538173792
2025-05-15,79.8,22.85,1.2500616286522375,1.1500566983600584
2025-05-16,79.9,23.009999999999998,1.28612370293404,1.1832338066993169
2025-05-17,79.7,23.4,1.3556264059442011,1.2471762934686652
2025-05-18,78.2,23.14,1.237387777048123,1.1383967548842733
2025-05-19,74.0,23.009999999999998,1.0287551770562646,0.9464547628917634
2025-05-20,77.4,22.630000000000003,1.1044415478919123,1.0160862240605593
2025-05-21,79.4,23.14,1.2901240116180839,1.1869140906886373
2025-05-22,77.9,23.619999999999997,1.3191241195669452,1.2135941900015896
2025-05-23,73.0,24.02,1.173558239368872,1.0796735802193622
2025-05-24,80.6,23.4,1.3957693786359782,1.2841078283451
2025-05-25,79.6,23.08,1.2869498845121898,1.1839938937512147
2025-05-26,75.5,22.71,1.0381472327374566,0.9550954541184601
2025-05-27,77.2,22.8,1.1281439935088946,1.0378924740281832
2025-05-28,74.1,23.16,1.0609252653811256,0.9760512441506356
2025-05-29,76.4,23.86,1.29875267564001,1.1948524615888094
2025-05-30,77.4,24.259999999999998,1.4257978085127916,1.3117339838317683
2025-05-31,73.4,24.580000000000002,1.3011985628007852,1.1971026777767224
2025-06-01,71.7,23.55,1.0262292270946836,0.944130888927109
2025-06-02,82.1,22.9,1.3596421245269572,1.2508707545648008
2025-06-03,80.6,22.740000000000002,1.2627755549860666,1.1617535105871815
2025-06-04,82.2,22.66,1.3153588276170927,1.2101301214077254
2025-06-05,72.9,23.1,0.9971614567180703,0.9173885401806248
2025-06-06,73.7,23.22,1.0544469907166105,0.9700912314592817
2025-06-07,74.0,23.529999999999998,1.1259100757347553,1.035837269675975
2025-06-08,75.0,22.830000000000002,1.0388762229052733,0.9557661250728514
2025-06-09,71.6,23.79,1.0659783729841548,0.9807001031454224
2025-06-10,62.3,24.25,0.7169334905712261,0.6595788113255281
2025-06-11,65.3,24.2,0.8487211291482928,0.7808234388164293
2025-06-12,72.1,24.09,1.145218866979439,1.0536013576210839
2025-06-13,79.9,22.2,1.1279966528465495,1.0377569206188255
2025-06-14,78.5,21.28,0.9006690513850485,0.8286155272742447
2025-06-15,78.0,20.94,0.8207855084029396,0.7551226677307045
2025-06-16,79.9,22.009999999999998,1.091816522923362,1.0044712010894932
2025-06-17,82.5,22.32,1.2600444173367473,1.1592408639498075
2025-06-18,76.7,22.44,1.0390823094090007,0.9559557246562806
2025-06-19,75.7,21.869999999999997,0.8937679241205,0.8222664901908601
2025-06-20,78.5,22.56,1.1379748679130284,1.0469368784799862
2025-06-21,73.7,22.39,0.9035011743782095,0.8312210804279528
2025-06-22,70.6,22.55,0.8004054762167278,0.7363730381193896
2025-06-23,66.0,22.48,0.5937229373533316,0.546225102365065
2025-06-24,67.3,23.33,0.7905955266285243,0.7273478844982424
2025-06-25,80.6,23.259999999999998,1.367195635181069,1.2578199843665836
2025-06-26,84.1,22.61,1.386308173548403,1.2754035196645308
2025-06-27,86.0,21.47,1.234389325333708,1.1356381793070114
2025-06-28,83.5,21.83,1.2046083979487818,1.1082397261128794
2025-06-29,74.5,21.369999999999997,0.7580804401616245,0.6974340049486946
2025-06-30,76.6,22.240000000000002,0.9979198117579376,0.9180862268173027
2025-07-01,84.9,21.61,1.2180107633999864,1.1205699023279876
2025-07-02,81.7,21.03,0.9806136906270597,0.902164595376895
2025-07-03,78.3,21.19,0.8766904907271655,0.8065552514689923
2025-07-04,81.1,20.81,0.9171854533563658,0.8438106170878565
2025-07-05,80.6,21.380000000000003,1.002077002043556,0.9219108418800717
2025-07-06,79.8,21.21,0.9392522354443155,0.8641120566087702
2025-07-07,81.4,20.95,0.954259020755763,0.877918299095302
2025-07-08,77.7,21.05,0.8284400500281573,0.7621648460259048
2025-07-09,76.4,21.119999999999997,0.7898958168441,0.7267041514965721
2025-07-10,70.4,21.66,0.642573218334866,0.5911673608680768
2025-07-11,75.7,21.75,0.8724343583034292,0.8026396096391549
2025-07-12,75.7,21.16,0.7693850925149243,0.7078342851137304
2025-07-13,79.3,20.48,0.7900450033367088,0.7268414030697721
2025-07-14,81.8,20.66,0.9167797611538865,0.8434373802615756
2025-07-15,78.6,20.830000000000002,0.824630758495564,0.7586602978159189
2025-07-16,73.8,21.18,0.6982320718672197,0.6423735061178422
2025-07-17,73.2,21.35,0.7031141887935516,0.6468650536900675
2025-07-18,78.7,21.830000000000002,1.008937102693608,0.9282221344781194
2025-07-19,75.2,22.880000000000003,1.056811866522731,0.9722669172009126
2025-07-20,67.8,22.79,0.7213220399626317,0.6636162767656212
2025-07-21,67.6,22.21,0.6174102763873919,0.5680174542764006
2025-07-22,70.2,22.490000000000002,0.7731629334827788,0.7113098988041565
2025-07-23,68.4,23.08,0.7964283349930099,0.7327140681935691
2025-07-24,72.0,23.59,1.04710442939109,0.9633360750398029
2025-07-25,70.6,22.580000000000002,0.8055698218095375,0.7411242360647745
2025-07-26,68.6,22.46,0.7004197702978123,0.6443861886739873
2025-07-27,60.6,21.8,0.2668226688513107,0.24547685534320582
2025-07-28,66.8,22.41,0.6162433309453138,0.5669438644696887
2025-07-29,58.0,24.16,0.5018573999071395,0.46170880791456836
2025-07-30,57.7,24.36,0.5184721669012553,0.4769943935491549
2025-07-31,67.4,23.64,0.8483521053915721,0.7804839369602464
2025-08-01,78.6,21.509999999999998,0.9462025771248924,0.870506370954901
2025-08-02,77.0,20.8,0.7579145755775126,0.6972814095313117
2025-08-03,70.8,21.21,0.5852850462106297,0.5384622425137794
2025-08-04,74.4,21.169999999999998,0.7200962476311257,0.6624885478206356
2025-08-05,72.6,21.61,0.7229295908242437,0.6650952235583042
2025-08-06,72.6,22.259999999999998,0.8344509280344699,0.7676948537917123
2025-08-07,70.6,22.61,0.8107418511265561,0.7458825030364316
2025-08-08,67.7,22.64,0.6920686358832018,0.6367031450125457
2025-08-09,57.4,23.8,0.4198908938328264,0.3862996223262003
2025-08-10,55.5,25.0,0.5109449255398479,0.47006933149666014
2025-08-11,56.7,25.47,0.6436085676691315,0.5921198822556011
2025-08-12,61.6,24.88,0.7885709572460058,0.7254852806663253
2025-08-13,63.2,24.0,0.7174599416584819,0.6600631463258034
2025-08-14,63.2,23.9,0.7009613654181196,0.64488445618467
2025-08-15,58.6,23.43,0.418967042249043,0.38544967886911957
2025-08-16,66.8,23.11,0.7313699732833955,0.6728603754207239
2025-08-17,64.7,22.689999999999998,0.5718720251082883,0.5261222630996253
2025-08-18,77.1,21.669999999999998,0.914829093774667,0.8416427662726937
2025-08-19,67.8,21.740000000000002,0.5502876646765668,0.5062646515024415
2025-08-20,60.4,21.46,0.21088645677917428,0.19401554023684034
2025-08-21,68.1,22.21,0.6382436130650183,0.5871841240198169
2025-08-22,71.6,22.8,0.8867781297621987,0.8158358793812228
2025-08-23,65.8,22.25,0.5487220762880407,0.5048243101849975
2025-08-24,67.7,23.05,0.760694530835331,0.6998389683685046
2025-08-25,67.8,23.52,0.8455816041563422,0.7779350758238348
2025-08-26,62.1,23.46,0.580089928660973,0.5336827343680952
2025-08-27,67.0,23.009999999999998,0.7234026887267008,0.6655304736285648
2025-08-28,68.8,22.86,0.7762934795823508,0.7141900012157628
2025-08-29,64.4,22.8,0.5764505906593047,0.5303345434065604
2025-08-30,58.8,23.080000000000002,0.3759812925479991,0.3459027891441592
2025-08-31,68.5,23.119999999999997,0.8076680866949906,0.7430546397593913
